cenario_id,iter_idx,seed,seed_hash,violacao,detalhe
1.1,1,1,be1ac405,0,
1.1,2,2,4ee0b1c6,0,
1.1,3,3,f87545f0,0,
1.1,4,4,34f14311,0,
1.1,5,5,33bae4ee,0,
1.1,6,6,5ab1e073,0,
1.1,7,7,feb0ac81,0,
1.1,8,8,99e65db9,0,
1.1,9,9,8cc2dfa8,0,
1.1,10,10,0345ff26,0,
1.1,11,11,cf13ebea,0,
1.1,12,12,d873d913,0,
1.1,13,13,53d25422,0,
1.1,14,14,326ab745,0,
1.1,15,15,766c3e46,0,
1.1,16,16,415f6d0b,0,
1.1,17,17,35464047,0,
1.1,18,18,b3d2d648,0,
1.1,19,19,74dad518,0,
1.1,20,20,7bed29b3,0,
1.1,21,21,434b9884,0,
1.1,22,22,7cca2826,0,
1.1,23,23,fabf6044,0,
1.1,24,24,388877c4,0,
1.1,25,25,8cf7f6d2,0,
1.1,26,26,9b2c621d,0,
1.1,27,27,e4552202,0,
1.1,28,28,6496142b,0,
1.1,29,29,8baee144,0,
1.1,30,30,732568a3,0,
1.1,31,31,90b01094,0,
1.1,32,32,a35215b7,0,
1.1,33,33,0e4f8179,0,
1.1,34,34,4727cfd2,0,
1.1,35,35,52950383,0,
1.1,36,36,f5ba98bd,0,
1.1,37,37,a4de4f1f,0,
1.1,38,38,17bd049c,0,
1.1,39,39,5126f73f,0,
1.1,40,40,50033666,0,
1.1,41,41,9850e948,0,
1.1,42,42,e8148d1d,0,
1.1,43,43,da2b3c93,0,
1.1,44,44,766cb0dd,0,
1.1,45,45,59384133,0,
1.1,46,46,b8f45f7c,0,
1.1,47,47,71f0160d,0,
1.1,48,48,21ae23ae,0,
1.1,49,49,df54dae2,0,
1.1,50,50,bbc1def0,0,
1.1,51,51,5034dd84,0,
1.1,52,52,ac2f8211,0,
1.1,53,53,c766bb81,0,
1.1,54,54,60f2ab2f,0,
1.1,55,55,a83b587d,0,
1.1,56,56,7dacf495,0,
1.1,57,57,5f0cba60,0,
1.1,58,58,e4d805d6,0,
1.1,59,59,6fde0aa4,0,
1.1,60,60,bc90f459,0,
1.1,61,61,4b7175c5,0,
1.1,62,62,ababde98,0,
1.1,63,63,0f37814f,0,
1.1,64,64,b483bb96,0,
1.1,65,65,19c3586b,0,
1.1,66,66,6b42037c,0,
1.1,67,67,45e034f0,0,
1.1,68,68,479d366c,0,
1.1,69,69,95756532,0,
1.1,70,70,dbb4a5e2,0,
1.1,71,71,1f496dc2,0,
1.1,72,72,3f575d49,0,
1.1,73,73,21c72a38,0,
1.1,74,74,fb6729f3,0,
1.1,75,75,f923a706,0,
1.1,76,76,dfaac979,0,
1.1,77,77,e7739979,0,
1.1,78,78,b627d361,0,
1.1,79,79,b8fbbbe1,0,
1.1,80,80,600b855b,0,
1.1,81,81,da8920e2,0,
1.1,82,82,dccb9a63,0,
1.1,83,83,e8ae863f,0,
1.1,84,84,bb455c9c,0,
1.1,85,85,b94e592f,0,
1.1,86,86,d9ef8843,0,
1.1,87,87,e6ae4bcb,0,
1.1,88,88,845add04,0,
1.1,89,89,d1f8d49e,0,
1.1,90,90,8f2e42c2,0,
1.1,91,91,77460e57,0,
1.1,92,92,37ae0707,0,
1.1,93,93,11c7c2b1,0,
1.1,94,94,3271091f,0,
1.1,95,95,81a9df7c,0,
1.1,96,96,ded8afda,0,
1.1,97,97,d3350647,0,
1.1,98,98,26fdfbe0,0,
1.1,99,99,6fa652bf,0,
1.1,100,100,2ef4d30d,0,
1.1,101,101,9d158496,0,
1.1,102,102,19a416cb,0,
1.1,103,103,565ace12,0,
1.1,104,104,98cf0002,0,
1.1,105,105,a42661dc,0,
1.1,106,106,c7871774,0,
1.1,107,107,8a08a5ce,0,
1.1,108,108,293eb58f,0,
1.1,109,109,25f3aa71,0,
1.1,110,110,79fee3ce,0,
1.1,111,111,394cccc1,0,
1.1,112,112,6a4fa969,0,
1.1,113,113,c223c32b,0,
1.1,114,114,a11b0c6b,0,
1.1,115,115,c3c866c4,0,
1.1,116,116,3ff39094,0,
1.1,117,117,04d6dd21,0,
1.1,118,118,b314daeb,0,
1.1,119,119,3730348c,0,
1.1,120,120,2e93aabe,0,
1.1,121,121,eac43f5a,0,
1.1,122,122,95b5a8d8,0,
1.1,123,123,8e1c67a7,0,
1.1,124,124,b1be46b8,0,
1.1,125,125,58f36169,0,
1.1,126,126,d23bb426,0,
1.1,127,127,42aaf0fa,0,
1.1,128,128,ffc14407,0,
1.1,129,129,871a2f82,0,
1.1,130,130,f8182510,0,
1.1,131,131,0917e4e6,0,
1.1,132,132,3fc5459a,0,
1.1,133,133,90abb113,0,
1.1,134,134,8b9faff9,0,
1.1,135,135,457f1923,0,
1.1,136,136,258ec715,0,
1.1,137,137,451bf7e3,0,
1.1,138,138,5fb43ce3,0,
1.1,139,139,1fee82b3,0,
1.1,140,140,793589b3,0,
1.1,141,141,240a2a32,0,
1.1,142,142,2dd93933,0,
1.1,143,143,edf38bde,0,
1.1,144,144,7cfab332,0,
1.1,145,145,3e6bd1fc,0,
1.1,146,146,fa671622,0,
1.1,147,147,d7ff1510,0,
1.1,148,148,b3b96fa6,0,
1.1,149,149,219f12de,0,
1.1,150,150,24fd4c1c,0,
1.1,151,151,6fd83e06,0,
1.1,152,152,9405a14e,0,
1.1,153,153,ac4305ec,0,
1.1,154,154,a5e72dfe,0,
1.1,155,155,92afb982,0,
1.1,156,156,bf6895e0,0,
1.1,157,157,e0876c4d,0,
1.1,158,158,355afac0,0,
1.1,159,159,2a89d879,0,
1.1,160,160,8881c956,0,
1.1,161,161,c0369810,0,
1.1,162,162,b757197d,0,
1.1,163,163,022e104c,0,
1.1,164,164,f7fa5895,0,
1.1,165,165,8aff4c14,0,
1.1,166,166,27e3e3ad,0,
1.1,167,167,fbf4535b,0,
1.1,168,168,c43ab666,0,
1.1,169,169,0eb97057,0,
1.1,170,170,972beafd,0,
1.1,171,171,dd97a536,0,
1.1,172,172,4e52faf0,0,
1.1,173,173,0b6fc46b,0,
1.1,174,174,95480d54,0,
1.1,175,175,789fecf9,0,
1.1,176,176,e910fdfc,0,
1.1,177,177,3e678905,0,
1.1,178,178,b742f573,0,
1.1,179,179,e759bdc6,0,
1.1,180,180,17eed931,0,
1.1,181,181,151d2a02,0,
1.1,182,182,68872c39,0,
1.1,183,183,4d15b62c,0,
1.1,184,184,595c2c51,0,
1.1,185,185,3e41cf36,0,
1.1,186,186,70fcf5e0,0,
1.1,187,187,3d1f1735,0,
1.1,188,188,372210e2,0,
1.1,189,189,01bef4ee,0,
1.1,190,190,a6f538d7,0,
1.1,191,191,d83a0ed9,0,
1.1,192,192,c11f8f8a,0,
1.1,193,193,a9ead8b4,0,
1.1,194,194,c9f8da6d,0,
1.1,195,195,b2480153,0,
1.1,196,196,cdea89fb,0,
1.1,197,197,7f2908bb,0,
1.1,198,198,d3408fce,0,
1.1,199,199,b5dd011a,0,
1.1,200,200,a025ffbc,0,
1.1,201,201,d162e822,0,
1.1,202,202,bfef7dda,0,
1.1,203,203,810024e2,0,
1.1,204,204,14de6f98,0,
1.1,205,205,6c89dae2,0,
1.1,206,206,a98ee67f,0,
1.1,207,207,a226d6a0,0,
1.1,208,208,8b4544fa,0,
1.1,209,209,edee13ba,0,
1.1,210,210,6c524032,0,
1.1,211,211,fffaaeb4,0,
1.1,212,212,f07c5aba,0,
1.1,213,213,aae6174d,0,
1.1,214,214,6de67089,0,
1.1,215,215,a11802ac,0,
1.1,216,216,68cc2065,0,
1.1,217,217,5bbd0ab7,0,
1.1,218,218,05833588,0,
1.1,219,219,9ca02b63,0,
1.1,220,220,bf33b215,0,
1.1,221,221,eff1667c,0,
1.1,222,222,8cf1ee60,0,
1.1,223,223,3431ba31,0,
1.1,224,224,d058e73f,0,
1.1,225,225,a114d319,0,
1.1,226,226,ee529ca8,0,
1.1,227,227,c715bb4f,0,
1.1,228,228,7c1397e5,0,
1.1,229,229,e1060a02,0,
1.1,230,230,8301510e,0,
1.1,231,231,2fcdf6cb,0,
1.1,232,232,13d064f9,0,
1.1,233,233,6579ea06,0,
1.1,234,234,e3aee158,0,
1.1,235,235,c6551366,0,
1.1,236,236,0e4be44a,0,
1.1,237,237,2634ef95,0,
1.1,238,238,42252fb2,0,
1.1,239,239,ec2a0fae,0,
1.1,240,240,d016c445,0,
1.1,241,241,b8717506,0,
1.1,242,242,137c4463,0,
1.1,243,243,9a8fa26c,0,
1.1,244,244,8c5bab1c,0,
1.1,245,245,c6ef4c9d,0,
1.1,246,246,270b5e42,0,
1.1,247,247,8fe12dea,0,
1.1,248,248,8952472c,0,
1.1,249,249,6192b433,0,
1.1,250,250,771e162c,0,
1.1,251,251,8ba46fd5,0,
1.1,252,252,d916d680,0,
1.1,253,253,a630fb09,0,
1.1,254,254,5670932c,0,
1.1,255,255,e989d7a3,0,
1.1,256,256,1a3cc751,0,
1.1,257,257,0cf578aa,0,
1.1,258,258,32022ec6,0,
1.1,259,259,9aaf3d50,0,
1.1,260,260,ce474189,0,
1.1,261,261,aea46f06,0,
1.1,262,262,d6a54520,0,
1.1,263,263,b7f9b18d,0,
1.1,264,264,333dc14d,0,
1.1,265,265,2afe16f1,0,
1.1,266,266,a78e6754,0,
1.1,267,267,eeb5a66f,0,
1.1,268,268,35be46e6,0,
1.1,269,269,e4f7bafa,0,
1.1,270,270,60fa168e,0,
1.1,271,271,0aa0b9b1,0,
1.1,272,272,ba4b86db,0,
1.1,273,273,72999317,0,
1.1,274,274,5f63fe37,0,
1.1,275,275,c84842cc,0,
1.1,276,276,4bbb24b4,0,
1.1,277,277,ebcccc0d,0,
1.1,278,278,984956ca,0,
1.1,279,279,13772a95,0,
1.1,280,280,4538c4dc,0,
1.1,281,281,8a6e5b3e,0,
1.1,282,282,f709450a,0,
1.1,283,283,2e95a367,0,
1.1,284,284,aafd8fc2,0,
1.1,285,285,003f00bf,0,
1.1,286,286,c2ac8089,0,
1.1,287,287,7448a2ca,0,
1.1,288,288,d80e6072,0,
1.1,289,289,2a7fea85,0,
1.1,290,290,ac0ced01,0,
1.1,291,291,f0934b89,0,
1.1,292,292,b25246e7,0,
1.1,293,293,7974fec2,0,
1.1,294,294,d51c5e2f,0,
1.1,295,295,8e67299d,0,
1.1,296,296,8eb997c7,0,
1.1,297,297,11b11b9c,0,
1.1,298,298,701e3731,0,
1.1,299,299,4348ac35,0,
1.1,300,300,67ba910e,0,
1.1,301,301,5b6ccf59,0,
1.1,302,302,e81f8496,0,
1.1,303,303,4dc4ca56,0,
1.1,304,304,dbaa18d1,0,
1.1,305,305,df8c3aa0,0,
1.1,306,306,9eed03f9,0,
1.1,307,307,2b2adc25,0,
1.1,308,308,cdc95c7e,0,
1.1,309,309,b910d106,0,
1.1,310,310,881e0a4c,0,
1.1,311,311,254b0fcb,0,
1.1,312,312,735ac317,0,
1.1,313,313,83944e2d,0,
1.1,314,314,da1bbce4,0,
1.1,315,315,357a072e,0,
1.1,316,316,6a615dba,0,
1.1,317,317,378035d8,0,
1.1,318,318,82b59f31,0,
1.1,319,319,6703a384,0,
1.1,320,320,11530e1e,0,
1.1,321,321,c896f48a,0,
1.1,322,322,0112980a,0,
1.1,323,323,d3623ca6,0,
1.1,324,324,f46c6f68,0,
1.1,325,325,b3854116,0,
1.1,326,326,2de60d3a,0,
1.1,327,327,ae15d1c0,0,
1.1,328,328,d9d54eb3,0,
1.1,329,329,61210b9f,0,
1.1,330,330,6b08d24a,0,
1.1,331,331,a5b57095,0,
1.1,332,332,54952a96,0,
1.1,333,333,cc1437f7,0,
1.1,334,334,ef0f92f6,0,
1.1,335,335,8a59bac5,0,
1.1,336,336,266a7d29,0,
1.1,337,337,499decfe,0,
1.1,338,338,b367cbd2,0,
1.1,339,339,0a478854,0,
1.1,340,340,7135a4e0,0,
1.1,341,341,f23104b6,0,
1.1,342,342,8da1dfe3,0,
1.1,343,343,b05c457b,0,
1.1,344,344,c34ade6f,0,
1.1,345,345,49bc906a,0,
1.1,346,346,d146fa14,0,
1.1,347,347,ac78e62d,0,
1.1,348,348,2262c11e,0,
1.1,349,349,ae5922d5,0,
1.1,350,350,3b60b596,0,
1.1,351,351,c091548e,0,
1.1,352,352,f5919ced,0,
1.1,353,353,2165a8f0,0,
1.1,354,354,6953a116,0,
1.1,355,355,c4c311a2,0,
1.1,356,356,140680ec,0,
1.1,357,357,1eac31c2,0,
1.1,358,358,074ac29d,0,
1.1,359,359,03e2cd5a,0,
1.1,360,360,b641b7eb,0,
1.1,361,361,a89ed239,0,
1.1,362,362,3e1ccc99,0,
1.1,363,363,c87325f4,0,
1.1,364,364,460b6c2a,0,
1.1,365,365,9bcce9f9,0,
1.1,366,366,ea09b718,0,
1.1,367,367,45820312,0,
1.1,368,368,aeaca120,0,
1.1,369,369,1da5ac00,0,
1.1,370,370,88a98128,0,
1.1,371,371,36683dd3,0,
1.1,372,372,dea62e3b,0,
1.1,373,373,43052e51,0,
1.1,374,374,3ced8927,0,
1.1,375,375,3a5f52df,0,
1.1,376,376,952dfe18,0,
1.1,377,377,4fa882c5,0,
1.1,378,378,a280fcc4,0,
1.1,379,379,a9e92d41,0,
1.1,380,380,b349f9db,0,
1.1,381,381,02ab4dd5,0,
1.1,382,382,c58acefd,0,
1.1,383,383,95e8d93c,0,
1.1,384,384,6538bb86,0,
1.1,385,385,d80f50b0,0,
1.1,386,386,f5a37b99,0,
1.1,387,387,6d82c95f,0,
1.1,388,388,569bd9d9,0,
1.1,389,389,52d89fa1,0,
1.1,390,390,5f90b4d3,0,
1.1,391,391,05b1d6ec,0,
1.1,392,392,8b5348ea,0,
1.1,393,393,609f9ef6,0,
1.1,394,394,68b0e23c,0,
1.1,395,395,23823689,0,
1.1,396,396,280a3628,0,
1.1,397,397,cf34b656,0,
1.1,398,398,5d91afd6,0,
1.1,399,399,8d137d11,0,
1.1,400,400,16dc9a97,0,
1.1,401,401,8c6d900d,0,
1.1,402,402,20ba8cd8,0,
1.1,403,403,d203fdbb,0,
1.1,404,404,90c4bee0,0,
1.1,405,405,0984154e,0,
1.1,406,406,22610adb,0,
1.1,407,407,36555450,0,
1.1,408,408,6b48ffe5,0,
1.1,409,409,350fae66,0,
1.1,410,410,373c9514,0,
1.1,411,411,5dbd1848,0,
1.1,412,412,d69c1f9e,0,
1.1,413,413,320a2ea6,0,
1.1,414,414,19aeac5a,0,
1.1,415,415,81bda0d8,0,
1.1,416,416,0ce1dbda,0,
1.1,417,417,1969e9bc,0,
1.1,418,418,95f57a0f,0,
1.1,419,419,2b25903c,0,
1.1,420,420,480b4e3c,0,
1.1,421,421,537270f5,0,
1.1,422,422,0028760e,0,
1.1,423,423,66fc4936,0,
1.1,424,424,8a3b0831,0,
1.1,425,425,92cdada6,0,
1.1,426,426,25642cec,0,
1.1,427,427,c9e07ebb,0,
1.1,428,428,263d4ebb,0,
1.1,429,429,cb201918,0,
1.1,430,430,24866017,0,
1.1,431,431,d259b363,0,
1.1,432,432,73997d4e,0,
1.1,433,433,9c9163e0,0,
1.1,434,434,7e3874b0,0,
1.1,435,435,b50ecc90,0,
1.1,436,436,88ab0c9e,0,
1.1,437,437,d6cdcbf2,0,
1.1,438,438,46c8e5bb,0,
1.1,439,439,1eeada95,0,
1.1,440,440,65a60ff0,0,
1.1,441,441,940573f6,0,
1.1,442,442,b7214230,0,
1.1,443,443,2c4cf461,0,
1.1,444,444,05e47815,0,
1.1,445,445,3aecd105,0,
1.1,446,446,cf3aa267,0,
1.1,447,447,3c8692dd,0,
1.1,448,448,d0bd0b7a,0,
1.1,449,449,ce266a73,0,
1.1,450,450,9f9a54a8,0,
1.1,451,451,05b477eb,0,
1.1,452,452,efd99d6e,0,
1.1,453,453,450f9200,0,
1.1,454,454,c16a6359,0,
1.1,455,455,03eb8663,0,
1.1,456,456,e48658aa,0,
1.1,457,457,8c8c56ab,0,
1.1,458,458,43b8e4a8,0,
1.1,459,459,201ed7f2,0,
1.1,460,460,de8e5a46,0,
1.1,461,461,26f74bcc,0,
1.1,462,462,58ac6696,0,
1.1,463,463,8449a962,0,
1.1,464,464,432bbf97,0,
1.1,465,465,51689321,0,
1.1,466,466,5b548dab,0,
1.1,467,467,539b0fd6,0,
1.1,468,468,caec483b,0,
1.1,469,469,008c3d4f,0,
1.1,470,470,2b732a9c,0,
1.1,471,471,b33eb33b,0,
1.1,472,472,a1c7dac3,0,
1.1,473,473,9a8b5b97,0,
1.1,474,474,ca2665fa,0,
1.1,475,475,65a65691,0,
1.1,476,476,9df7fd55,0,
1.1,477,477,21b6a9c8,0,
1.1,478,478,8b60a909,0,
1.1,479,479,9ed62a71,0,
1.1,480,480,4d19157e,0,
1.1,481,481,66423777,0,
1.1,482,482,5c97d223,0,
1.1,483,483,5e4d97f2,0,
1.1,484,484,6a117094,0,
1.1,485,485,304f8dff,0,
1.1,486,486,b41bf196,0,
1.1,487,487,0739a577,0,
1.1,488,488,d7ae0592,0,
1.1,489,489,2a5aafa3,0,
1.1,490,490,bf5d8a38,0,
1.1,491,491,269c198b,0,
1.1,492,492,9143957d,0,
1.1,493,493,44aea265,0,
1.1,494,494,45168488,0,
1.1,495,495,2592e611,0,
1.1,496,496,7e42cdc8,0,
1.1,497,497,7fcecd7f,0,
1.1,498,498,d9f39b5a,0,
1.1,499,499,ea4cd65b,0,
1.1,500,500,b4e815c9,0,
1.1,501,501,1a864fa2,0,
1.1,502,502,f0adc8d5,0,
1.1,503,503,96ca6e77,0,
1.1,504,504,da9f3955,0,
1.1,505,505,656fd90e,0,
1.1,506,506,30878ecb,0,
1.1,507,507,903594c3,0,
1.1,508,508,ec0fc930,0,
1.1,509,509,aed88dfb,0,
1.1,510,510,cf3878bf,0,
1.1,511,511,82e6a9cb,0,
1.1,512,512,2fd98a56,0,
1.1,513,513,97fa49a2,0,
1.1,514,514,de45ceea,0,
1.1,515,515,1c450aa4,0,
1.1,516,516,0c6fb9f0,0,
1.1,517,517,c09a7aa9,0,
1.1,518,518,d230d71c,0,
1.1,519,519,c3418ae9,0,
1.1,520,520,f4322555,0,
1.1,521,521,f6b89a4e,0,
1.1,522,522,49346c03,0,
1.1,523,523,0bc1918e,0,
1.1,524,524,3e97b1e2,0,
1.1,525,525,22211391,0,
1.1,526,526,188b354f,0,
1.1,527,527,d104bcf0,0,
1.1,528,528,dabec141,0,
1.1,529,529,36a0b238,0,
1.1,530,530,319af7a3,0,
1.1,531,531,b0e4f47d,0,
1.1,532,532,6325cc8e,0,
1.1,533,533,5f3dbec7,0,
1.1,534,534,ad9cb2c6,0,
1.1,535,535,7994bc6b,0,
1.1,536,536,13a8dcb0,0,
1.1,537,537,719a8e5c,0,
1.1,538,538,d62e05f1,0,
1.1,539,539,e370729a,0,
1.1,540,540,8b1d0868,0,
1.1,541,541,f183e8e7,0,
1.1,542,542,f2d3f12c,0,
1.1,543,543,1fd712ac,0,
1.1,544,544,a8191b94,0,
1.1,545,545,222f9544,0,
1.1,546,546,d58307b1,0,
1.1,547,547,db2ea8bc,0,
1.1,548,548,d63b0cc9,0,
1.1,549,549,e85de835,0,
1.1,550,550,946a1690,0,
1.1,551,551,3ca8be82,0,
1.1,552,552,a947318b,0,
1.1,553,553,ac836660,0,
1.1,554,554,c2a45232,0,
1.1,555,555,95e27e0f,0,
1.1,556,556,9ced12f3,0,
1.1,557,557,77d7f67f,0,
1.1,558,558,5e363b0c,0,
1.1,559,559,528d4f34,0,
1.1,560,560,6f46d358,0,
1.1,561,561,bba256f9,0,
1.1,562,562,928f4c64,0,
1.1,563,563,afa8d03b,0,
1.1,564,564,c9a14857,0,
1.1,565,565,87d4346b,0,
1.1,566,566,0dce5be9,0,
1.1,567,567,96630b6e,0,
1.1,568,568,54659c98,0,
1.1,569,569,f7ee75f0,0,
1.1,570,570,62153f68,0,
1.1,571,571,83c67e8c,0,
1.1,572,572,80b3665a,0,
1.1,573,573,97664304,0,
1.1,574,574,2c41eb1f,0,
1.1,575,575,97ef95dd,0,
1.1,576,576,5ec94b02,0,
1.1,577,577,687ca166,0,
1.1,578,578,4cf42f36,0,
1.1,579,579,29d4b627,0,
1.1,580,580,15b442d0,0,
1.1,581,581,a776a898,0,
1.1,582,582,bc17916e,0,
1.1,583,583,f343231f,0,
1.1,584,584,6ccd958c,0,
1.1,585,585,b799041c,0,
1.1,586,586,7ab196ab,0,
1.1,587,587,6fe77f27,0,
1.1,588,588,01ec6672,0,
1.1,589,589,b844c3ee,0,
1.1,590,590,8d000467,0,
1.1,591,591,3a3e5666,0,
1.1,592,592,80d411a4,0,
1.1,593,593,2d624fe6,0,
1.1,594,594,763cb5ef,0,
1.1,595,595,58d7cd5d,0,
1.1,596,596,27b66ea2,0,
1.1,597,597,14dcdee2,0,
1.1,598,598,28264a1e,0,
1.1,599,599,1467ac68,0,
1.1,600,600,a52c6554,0,
1.1,601,601,c9507894,0,
1.1,602,602,94997d27,0,
1.1,603,603,0cf09630,0,
1.1,604,604,4beb4936,0,
1.1,605,605,a2e12d14,0,
1.1,606,606,d7b32ae8,0,
1.1,607,607,4f1bebac,0,
1.1,608,608,078262dd,0,
1.1,609,609,181caeb6,0,
1.1,610,610,9b3697a7,0,
1.1,611,611,747df223,0,
1.1,612,612,97d42047,0,
1.1,613,613,497f05d7,0,
1.1,614,614,32291738,0,
1.1,615,615,a60aa9cf,0,
1.1,616,616,442f90b9,0,
1.1,617,617,c491c511,0,
1.1,618,618,982bde66,0,
1.1,619,619,75913db7,0,
1.1,620,620,f0404046,0,
1.1,621,621,65e72736,0,
1.1,622,622,4a4d29d3,0,
1.1,623,623,023eaff0,0,
1.1,624,624,58be4382,0,
1.1,625,625,d893ae0f,0,
1.1,626,626,087a16d3,0,
1.1,627,627,ec80a222,0,
1.1,628,628,3dcde085,0,
1.1,629,629,1a47d8b6,0,
1.1,630,630,22aad771,0,
1.1,631,631,69995af7,0,
1.1,632,632,eb626430,0,
1.1,633,633,a55c81d2,0,
1.1,634,634,d272c2d4,0,
1.1,635,635,1dd54baf,0,
1.1,636,636,f0ad7351,0,
1.1,637,637,74d127e9,0,
1.1,638,638,1e854847,0,
1.1,639,639,94e849cb,0,
1.1,640,640,acce9faf,0,
1.1,641,641,1a489965,0,
1.1,642,642,592039bd,0,
1.1,643,643,1dbf15d7,0,
1.1,644,644,0fe9fe00,0,
1.1,645,645,87161535,0,
1.1,646,646,96a81ad5,0,
1.1,647,647,fc5546ff,0,
1.1,648,648,0f4c21a7,0,
1.1,649,649,3a632e52,0,
1.1,650,650,0e476f9b,0,
1.1,651,651,7a2498fb,0,
1.1,652,652,6c739b32,0,
1.1,653,653,a6d432e5,0,
1.1,654,654,d3f3fab3,0,
1.1,655,655,d4f83a17,0,
1.1,656,656,9d19fa7e,0,
1.1,657,657,84c569f6,0,
1.1,658,658,6caa5fa6,0,
1.1,659,659,17a3c749,0,
1.1,660,660,90dffdf2,0,
1.1,661,661,77d133c1,0,
1.1,662,662,da986190,0,
1.1,663,663,99083f9f,0,
1.1,664,664,4ef19a31,0,
1.1,665,665,6a8ce25a,0,
1.1,666,666,1d824c0a,0,
1.1,667,667,f495198e,0,
1.1,668,668,ce65a65e,0,
1.1,669,669,0dce1b76,0,
1.1,670,670,8670e7b7,0,
1.1,671,671,02c707f6,0,
1.1,672,672,59ce24b9,0,
1.1,673,673,761ceaa3,0,
1.1,674,674,dec0fb08,0,
1.1,675,675,65475937,0,
1.1,676,676,6de256ef,0,
1.1,677,677,83c44929,0,
1.1,678,678,1abbe1d7,0,
1.1,679,679,d193f9ce,0,
1.1,680,680,19787acd,0,
1.1,681,681,c10efd79,0,
1.1,682,682,67cf1411,0,
1.1,683,683,d6cb8ca2,0,
1.1,684,684,78a70369,0,
1.1,685,685,c59efe24,0,
1.1,686,686,9890402a,0,
1.1,687,687,dfa3e547,0,
1.1,688,688,ec61356c,0,
1.1,689,689,567af3bd,0,
1.1,690,690,4a3dbf7a,0,
1.1,691,691,5007ee80,0,
1.1,692,692,398a2158,0,
1.1,693,693,29c60c8e,0,
1.1,694,694,edf01730,0,
1.1,695,695,94bcb01f,0,
1.1,696,696,14899773,0,
1.1,697,697,14155930,0,
1.1,698,698,4deeccfe,0,
1.1,699,699,914a505e,0,
1.1,700,700,06029b90,0,
1.1,701,701,e0211791,0,
1.1,702,702,05a3ed38,0,
1.1,703,703,3c86d69d,0,
1.1,704,704,ba628528,0,
1.1,705,705,d813b052,0,
1.1,706,706,dbf7991e,0,
1.1,707,707,c9343299,0,
1.1,708,708,6a7095d3,0,
1.1,709,709,207dafd4,0,
1.1,710,710,622e995a,0,
1.1,711,711,283ed82a,0,
1.1,712,712,385c9cb6,0,
1.1,713,713,a94ab98c,0,
1.1,714,714,3d798ae1,0,
1.1,715,715,b3b1d834,0,
1.1,716,716,0234a260,0,
1.1,717,717,15998b96,0,
1.1,718,718,281b5dcd,0,
1.1,719,719,67a630e7,0,
1.1,720,720,cbfcf7c7,0,
1.1,721,721,310738b3,0,
1.1,722,722,8bc19997,0,
1.1,723,723,7be22aef,0,
1.1,724,724,1b5e7fc6,0,
1.1,725,725,b0714c32,0,
1.1,726,726,b851a433,0,
1.1,727,727,b5b56b4c,0,
1.1,728,728,48c2bc1b,0,
1.1,729,729,e5cf94de,0,
1.1,730,730,dfac81a4,0,
1.1,731,731,4abd8e8d,0,
1.1,732,732,6a900562,0,
1.1,733,733,7791aa79,0,
1.1,734,734,a1cef61a,0,
1.1,735,735,10d44df4,0,
1.1,736,736,21fe5d05,0,
1.1,737,737,22ed8419,0,
1.1,738,738,91108547,0,
1.1,739,739,59f8b735,0,
1.1,740,740,6c3fb205,0,
1.1,741,741,28a4dc53,0,
1.1,742,742,903afa34,0,
1.1,743,743,eff706c2,0,
1.1,744,744,c9b98254,0,
1.1,745,745,f2b4bc53,0,
1.1,746,746,2d6b518d,0,
1.1,747,747,26295e19,0,
1.1,748,748,c51838c3,0,
1.1,749,749,07869b35,0,
1.1,750,750,d0593ca3,0,
1.1,751,751,e5afe0cd,0,
1.1,752,752,d655f733,0,
1.1,753,753,6b65d595,0,
1.1,754,754,c2310d4f,0,
1.1,755,755,80308d13,0,
1.1,756,756,0d2c5e11,0,
1.1,757,757,446e9e8d,0,
1.1,758,758,084bfea1,0,
1.1,759,759,bb8e6a65,0,
1.1,760,760,c6eb445b,0,
1.1,761,761,5a5b8b41,0,
1.1,762,762,41f13071,0,
1.1,763,763,991a0746,0,
1.1,764,764,412cabe7,0,
1.1,765,765,23991436,0,
1.1,766,766,d0599aae,0,
1.1,767,767,da1e27ac,0,
1.1,768,768,88e699c5,0,
1.1,769,769,d1afb41f,0,
1.1,770,770,de48a181,0,
1.1,771,771,7aabb989,0,
1.1,772,772,cce81866,0,
1.1,773,773,236a5675,0,
1.1,774,774,6e2df2d6,0,
1.1,775,775,5c036b4c,0,
1.1,776,776,55b48d09,0,
1.1,777,777,ecea1460,0,
1.1,778,778,c22bf323,0,
1.1,779,779,7d7f4deb,0,
1.1,780,780,e25672cf,0,
1.1,781,781,d92ca8f1,0,
1.1,782,782,168c6759,0,
1.1,783,783,9d3591a7,0,
1.1,784,784,413e8a23,0,
1.1,785,785,6e8aff2d,0,
1.1,786,786,3aed9b88,0,
1.1,787,787,29e594f0,0,
1.1,788,788,609aeaf1,0,
1.1,789,789,53141e3d,0,
1.1,790,790,c804a983,0,
1.1,791,791,ee873578,0,
1.1,792,792,cafe3e3b,0,
1.1,793,793,65195008,0,
1.1,794,794,d83fcd6d,0,
1.1,795,795,06c8c27a,0,
1.1,796,796,8dc8de40,0,
1.1,797,797,0f48787e,0,
1.1,798,798,42ab37d3,0,
1.1,799,799,4d871ce1,0,
1.1,800,800,d6bdac97,0,
1.1,801,801,0cd8a483,0,
1.1,802,802,63b69b8e,0,
1.1,803,803,726ad713,0,
1.1,804,804,f2fa1120,0,
1.1,805,805,03462f8f,0,
1.1,806,806,ad5b3d14,0,
1.1,807,807,be0d5329,0,
1.1,808,808,9ac8679d,0,
1.1,809,809,119e4668,0,
1.1,810,810,2a3aacf1,0,
1.1,811,811,75216e22,0,
1.1,812,812,64351991,0,
1.1,813,813,e692db69,0,
1.1,814,814,efedbb6d,0,
1.1,815,815,08bda702,0,
1.1,816,816,07d453ce,0,
1.1,817,817,b47598df,0,
1.1,818,818,09c01ed1,0,
1.1,819,819,160a05c1,0,
1.1,820,820,e7f4ad0a,0,
1.1,821,821,3dea9a9a,0,
1.1,822,822,b43f3e58,0,
1.1,823,823,8c71bd6f,0,
1.1,824,824,c1aba9bf,0,
1.1,825,825,c531a197,0,
1.1,826,826,d8289090,0,
1.1,827,827,897c3acd,0,
1.1,828,828,27ce9d56,0,
1.1,829,829,0a1f2deb,0,
1.1,830,830,6391ada1,0,
1.1,831,831,71d7c15e,0,
1.1,832,832,a98293d8,0,
1.1,833,833,d80b3e6c,0,
1.1,834,834,75980202,0,
1.1,835,835,f9541f42,0,
1.1,836,836,d4ca9959,0,
1.1,837,837,0e0eb123,0,
1.1,838,838,744c0b14,0,
1.1,839,839,3c7fde7a,0,
1.1,840,840,e56c70ba,0,
1.1,841,841,317a0b2c,0,
1.1,842,842,64dd59c8,0,
1.1,843,843,9dbdf303,0,
1.1,844,844,987dd0a2,0,
1.1,845,845,773a48a2,0,
1.1,846,846,ae4405a4,0,
1.1,847,847,4b721834,0,
1.1,848,848,5468f463,0,
1.1,849,849,4d283e21,0,
1.1,850,850,3df4975c,0,
1.1,851,851,b41b2227,0,
1.1,852,852,cbafdee8,0,
1.1,853,853,865bd7b0,0,
1.1,854,854,d6c3f369,0,
1.1,855,855,b323546e,0,
1.1,856,856,e9a1f153,0,
1.1,857,857,6c6be369,0,
1.1,858,858,a8442660,0,
1.1,859,859,8a06975d,0,
1.1,860,860,6d3fe879,0,
1.1,861,861,f13385b2,0,
1.1,862,862,fac8d810,0,
1.1,863,863,5cdc0b62,0,
1.1,864,864,01495b00,0,
1.1,865,865,477076d4,0,
1.1,866,866,d27da4d1,0,
1.1,867,867,3547c3eb,0,
1.1,868,868,9b041333,0,
1.1,869,869,4e95595c,0,
1.1,870,870,20444401,0,
1.1,871,871,2dda7753,0,
1.1,872,872,4549e273,0,
1.1,873,873,c9305f3a,0,
1.1,874,874,e6505376,0,
1.1,875,875,ecbe672b,0,
1.1,876,876,56588e61,0,
1.1,877,877,41e692dd,0,
1.1,878,878,902e39a5,0,
1.1,879,879,82f98a60,0,
1.1,880,880,60cf6abb,0,
1.1,881,881,cee962d2,0,
1.1,882,882,b3b52539,0,
1.1,883,883,fffd4377,0,
1.1,884,884,8372e14a,0,
1.1,885,885,27f1fbb4,0,
1.1,886,886,34423d95,0,
1.1,887,887,4f3a3d54,0,
1.1,888,888,68a478de,0,
1.1,889,889,e675f32a,0,
1.1,890,890,7fdfef42,0,
1.1,891,891,67fed5a2,0,
1.1,892,892,945e8213,0,
1.1,893,893,a30126b6,0,
1.1,894,894,64547cc4,0,
1.1,895,895,2b782fde,0,
1.1,896,896,3370fa2a,0,
1.1,897,897,7a15b7f7,0,
1.1,898,898,1e137825,0,
1.1,899,899,2366d94c,0,
1.1,900,900,4ece85c4,0,
1.1,901,901,9cbe9a74,0,
1.1,902,902,075803a2,0,
1.1,903,903,13f4f8fb,0,
1.1,904,904,11ea5c8e,0,
1.1,905,905,1cadd941,0,
1.1,906,906,9605b1b9,0,
1.1,907,907,5ffc6119,0,
1.1,908,908,74c2e416,0,
1.1,909,909,a922c1a2,0,
1.1,910,910,ab40b091,0,
1.1,911,911,d752272c,0,
1.1,912,912,d3211c7c,0,
1.1,913,913,feddde9f,0,
1.1,914,914,c1f50709,0,
1.1,915,915,d01ece4a,0,
1.1,916,916,910062d3,0,
1.1,917,917,0bf3ac11,0,
1.1,918,918,134bca26,0,
1.1,919,919,e792ce79,0,
1.1,920,920,f2d0796e,0,
1.1,921,921,4274d78a,0,
1.1,922,922,b51e33cf,0,
1.1,923,923,6d1d77f8,0,
1.1,924,924,896778c8,0,
1.1,925,925,aa735fdc,0,
1.1,926,926,8aef5240,0,
1.1,927,927,ab410f8f,0,
1.1,928,928,6f7ff467,0,
1.1,929,929,d0e29b34,0,
1.1,930,930,84d9268e,0,
1.1,931,931,9ba0b12b,0,
1.1,932,932,a87406eb,0,
1.1,933,933,f38e99dc,0,
1.1,934,934,3fe21aaf,0,
1.1,935,935,5b6f6242,0,
1.1,936,936,8facee58,0,
1.1,937,937,d2cd8989,0,
1.1,938,938,9777fd66,0,
1.1,939,939,2183328f,0,
1.1,940,940,9ebdcbdd,0,
1.1,941,941,0d25d479,0,
1.1,942,942,347d15b1,0,
1.1,943,943,256f8c3d,0,
1.1,944,944,defc80e8,0,
1.1,945,945,f9d183ae,0,
1.1,946,946,d021de7d,0,
1.1,947,947,3f9a938f,0,
1.1,948,948,c7352b75,0,
1.1,949,949,55907e99,0,
1.1,950,950,504af370,0,
1.1,951,951,3a819f04,0,
1.1,952,952,c5fb4a00,0,
1.1,953,953,7b98ad13,0,
1.1,954,954,86ab9ed8,0,
1.1,955,955,2fd50456,0,
1.1,956,956,b5e405f2,0,
1.1,957,957,148a49f6,0,
1.1,958,958,0685a448,0,
1.1,959,959,89f84c50,0,
1.1,960,960,5a3fcd22,0,
1.1,961,961,6327d80a,0,
1.1,962,962,a4a4b763,0,
1.1,963,963,e75be405,0,
1.1,964,964,007c8691,0,
1.1,965,965,ebd90cca,0,
1.1,966,966,e68caae0,0,
1.1,967,967,ef93845e,0,
1.1,968,968,0bc1b9f4,0,
1.1,969,969,020ec7ab,0,
1.1,970,970,54ac20c5,0,
1.1,971,971,a3396fda,0,
1.1,972,972,f7e7f8d4,0,
1.1,973,973,da1fce84,0,
1.1,974,974,ab1cf9d9,0,
1.1,975,975,b23b5f2b,0,
1.1,976,976,0ff0cb08,0,
1.1,977,977,73c7ee48,0,
1.1,978,978,ed375494,0,
1.1,979,979,ed8f11d0,0,
1.1,980,980,af27815f,0,
1.1,981,981,097f17a5,0,
1.1,982,982,68715fed,0,
1.1,983,983,728f13b7,0,
1.1,984,984,871e3b8b,0,
1.1,985,985,21e6aaec,0,
1.1,986,986,04675766,0,
1.1,987,987,6544da14,0,
1.1,988,988,03fbe4d0,0,
1.1,989,989,f644836f,0,
1.1,990,990,e907f319,0,
1.1,991,991,62f9b492,0,
1.1,992,992,2722af84,0,
1.1,993,993,be3597c6,0,
1.1,994,994,50373064,0,
1.1,995,995,0240511c,0,
1.1,996,996,bdec67fa,0,
1.1,997,997,21e64124,0,
1.1,998,998,4bafa5a1,0,
1.1,999,999,59242f3d,0,
1.1,1000,1000,59c3e788,0,
